"COLLISION_ID","NUMBER.OF.PERSONS.KILLED","NUMBER.OF.PERSONS.INJURED"
4484852,0,1
4485542,0,1
4485153,0,1
4455841,0,1
4456058,0,1
4456721,0,1
4456791,0,1
4456614,0,1
4456953,0,1
4456982,0,1
4407830,0,1
4408290,0,1
4407277,0,1
4407829,0,2
4407623,0,2
4407766,0,1
4407453,0,1
4407976,0,1
4407837,0,3
4407459,0,1
4407604,0,1
4407843,0,1
4456516,0,1
4408030,0,1
4407822,0,3
4407529,0,1
4408083,0,1
4407462,0,1
4407694,0,1
4407771,0,2
4408089,0,1
4456071,0,1
4456495,0,2
4456653,1,0
4456570,0,1
4456080,0,1
4456190,0,1
4456542,0,1
4456773,0,1
4456661,0,1
4408736,0,1
4408762,0,1
4408497,0,1
4408181,0,1
4408438,0,1
4408435,0,1
4408404,0,2
4408752,0,1
4485329,0,1
4485027,0,1
4485557,0,2
4487564,0,1
4456722,0,1
4456846,0,1
4408540,0,2
4408696,0,6
4408875,0,1
4408787,0,3
4408281,0,1
4457151,1,1
4456553,0,1
4457047,0,1
4457049,0,1
4457175,0,1
4456450,0,2
4408463,0,1
4408867,0,1
4409272,0,1
4408743,0,1
4408556,0,1
4409215,0,1
4409197,0,1
4409278,0,1
4408733,0,1
4409306,0,1
4408734,0,1
4408961,1,0
4409200,0,1
4475081,0,4
4486858,0,1
4487224,0,1
4487352,0,1
4487142,0,1
4487407,0,1
4487552,0,1
4486878,0,1
4487384,0,1
4487368,0,1
4487148,0,1
4457360,0,1
4457439,0,1
4456727,0,1
4486886,0,1
4457350,0,1
4457411,0,1
4409075,0,1
4409086,0,1
4409624,0,1
4409558,0,1
4409085,0,1
4408868,0,1
4409578,0,3
4409287,0,1
4408732,0,1
4409470,0,1
4409135,0,1
4408874,0,1
4409284,0,1
4409570,0,1
4409574,0,1
4409228,0,1
4457523,0,2
4457424,0,1
4456904,0,1
4457404,0,1
4457414,0,1
4457416,0,2
4457136,0,1
4457428,0,1
4457533,0,1
4457717,0,1
4457356,0,1
4457432,0,1
4457412,0,1
4457521,0,1
4457348,0,1
4487135,0,1
4487226,0,3
4487206,0,1
4487154,0,1
4487630,0,1
4487641,0,1
4487563,0,1
4486906,0,1
4487403,0,2
4486740,0,1
4487714,0,1
4487268,0,1
4487573,0,1
4487923,0,1
4487836,0,1
4487562,0,1
4487549,0,1
4485504,0,1
4457770,0,1
4457782,0,1
4457720,0,1
4457826,0,1
4457786,0,1
4457143,0,1
4457775,0,2
4457862,0,1
4410046,0,1
4409179,0,1
4409825,0,1
4409716,0,1
4409899,0,1
4409499,0,1
4409742,0,1
4409753,0,1
4410122,0,1
4409245,0,1
4409774,0,1
4409826,0,1
4409322,0,1
4409309,0,1
4409475,0,3
4409368,0,1
4409467,0,2
4409057,0,1
4409410,0,1
4409741,0,2
4410340,0,1
4409512,0,1
4409510,0,1
4409555,0,1
4409107,0,1
4409797,0,1
4410287,0,1
4410501,0,1
4409394,0,1
4409593,0,1
4457772,0,1
4457366,0,1
4457223,0,1
4457788,0,1
4457333,0,1
4457355,0,1
4457777,0,1
4487399,0,1
4487640,0,1
4487707,0,1
4487172,0,1
4487291,0,1
4486902,0,1
4487390,0,1
4487419,0,1
4487223,0,2
4409897,0,2
4410521,0,1
4410697,0,1
4410855,0,2
4410305,0,1
4410696,0,2
4410707,0,1
4410849,0,1
4410623,0,2
4410878,0,1
4410040,0,1
4410156,0,1
4410865,0,3
4410620,0,1
4486873,0,1
4487960,0,1
4487551,0,1
4487565,0,7
4411224,0,1
4411203,0,1
4410458,0,3
4411187,0,2
4410252,0,2
4410258,0,1
4410884,0,2
4411209,0,1
4410302,0,1
4410144,0,1
4411201,0,1
4411225,0,1
4487418,0,1
4488237,0,2
4487706,0,1
4488127,0,1
4487939,0,1
4487928,0,1
4487570,0,1
4484672,0,1
4488242,0,1
4411423,0,1
4411578,0,1
4411506,0,1
4411200,0,1
4411242,0,1
4411437,0,1
4411246,0,1
4411606,0,1
4411244,0,1
4411501,0,1
4411312,0,1
4411563,0,1
4410846,0,1
4485183,0,3
4484928,0,1
4484806,0,1
4458716,0,1
4457779,0,1
4458440,0,1
4458661,0,1
4457532,0,1
4411853,0,1
4411188,0,1
4411519,0,2
4411842,0,1
4411617,0,1
4411288,0,1
4411189,0,1
4411830,0,1
4457827,0,1
4458560,0,1
4458864,0,1
4458813,0,2
4457939,0,1
4457743,0,1
4458373,0,1
4458139,0,1
4458261,0,1
4457792,0,1
4487909,0,1
4458549,0,2
4458868,0,1
4458467,0,1
4458442,0,1
4458437,0,1
4458011,0,1
4457694,0,1
4457663,0,1
4458621,0,1
4458157,0,1
4458317,0,1
4457662,0,1
4458551,0,1
4487430,0,1
4488128,0,1
4412154,0,1
4411873,0,1
4411838,0,1
4411618,0,1
4411715,0,1
4411562,0,1
4484853,0,1
4412160,0,1
4411640,0,1
4412764,0,1
4412087,0,1
4412395,0,2
4411251,0,1
4412213,0,1
4412036,0,1
4412111,0,1
4411914,0,1
4411912,0,1
4411503,0,1
4412604,0,2
4411908,0,1
4412145,0,1
4412284,0,1
4411979,0,1
4412144,0,1
4411323,0,1
4412308,0,1
4412433,0,1
4411907,0,1
4411505,0,2
4411871,0,1
4411899,0,1
4411324,0,1
4411648,0,3
4412427,0,1
4411948,0,1
4412096,0,1
4412159,0,1
4485608,0,1
4458465,0,1
4459053,0,1
4458272,0,1
4458622,0,2
4459168,0,1
4458945,0,1
4459059,0,1
4458466,0,2
4459082,0,1
4412211,0,1
4412243,0,1
4412985,0,1
4412343,0,1
4412856,0,1
4412352,0,1
4412757,0,3
4412354,0,1
4412445,0,1
4412316,0,1
4412630,0,1
4458874,0,1
4458280,0,1
4459329,0,1
4458390,0,1
4458438,0,2
4458943,0,1
4458873,0,1
4459121,0,1
4458643,0,1
4459325,0,1
4459171,0,1
4459060,0,1
4459157,0,1
4412773,0,1
4412727,0,1
4413356,0,1
4412872,0,1
4412885,0,1
4412950,0,1
4412892,0,1
4412919,0,2
4412920,0,1
4412940,0,1
4413182,0,1
4412927,0,2
4412618,0,1
4412752,0,1
4412869,0,1
4488035,0,1
4487924,0,2
4488402,0,1
4488658,0,1
4488226,0,1
4487571,0,1
4488474,0,1
4459685,0,1
4488674,0,1
4459426,0,2
4458876,0,1
4404422,1,0
4413168,0,1
4412984,0,1
4413553,0,1
4413623,0,1
4413086,0,1
4413728,0,1
4413616,0,1
4413264,0,2
4413134,0,1
4413152,0,1
4458815,0,1
4458607,0,1
4488401,0,1
4459183,0,2
4459591,0,1
4458653,0,1
4459463,0,2
4458952,1,0
4459375,0,2
4487929,0,1
4488362,0,4
4488444,0,1
4413361,0,1
4414064,0,1
4414070,0,1
4413560,0,1
4414006,0,1
4413368,0,1
4413516,0,1
4413573,0,1
4413357,0,1
4413394,0,1
4488595,0,1
4488029,0,1
4485269,0,1
4484993,0,1
4459832,0,1
4459332,0,1
4459736,0,1
4459456,0,1
4459790,0,1
4459728,0,1
4459595,0,1
4459696,0,2
4459951,0,3
4459703,0,1
4459353,0,1
4459415,0,1
4459744,0,1
4459542,0,1
4459750,0,1
4459120,0,1
4459181,0,1
4485752,0,1
4485179,0,1
4414188,0,1
4413815,0,1
4414394,0,2
4414388,0,1
4413914,0,2
4413773,0,1
4413745,0,2
4414033,0,1
4414189,0,2
4414688,0,1
4413517,0,1
4414047,0,1
4414376,0,2
4414606,0,1
4413571,0,1
4414198,0,1
4414683,0,1
4414829,0,3
4413776,0,1
4414197,0,1
4413572,0,1
4413939,0,1
4414385,0,1
4413813,0,1
4414169,0,1
4414196,0,1
4414024,0,1
4414192,0,2
4414001,0,1
4488255,0,1
4488676,0,1
4488594,0,1
4459055,0,1
4460405,0,1
4460241,0,1
4460374,0,1
4459551,0,1
4415346,0,1
4414589,0,2
4414908,0,1
4415208,0,1
4459533,0,1
4460016,0,1
4459756,0,1
4460083,0,1
4459729,0,1
4459538,0,1
4459740,0,1
4459976,0,1
4459724,0,1
4460146,0,1
4459792,0,1
4488753,0,1
4488359,0,1
4488156,0,1
4488772,0,1
4488176,0,1
4414964,0,1
4415526,0,1
4415462,0,1
4415387,0,1
4415507,0,1
4414676,0,1
4414801,0,1
4488731,0,2
4488792,0,1
4488773,0,1
4514764,0,1
4488501,0,1
4489033,0,1
4488938,0,1
4488528,0,1
4488675,0,1
4488502,0,1
4489043,0,1
4489208,0,1
4488660,0,1
4459962,0,1
4485439,0,1
4460025,0,4
4460321,0,1
4460499,0,1
4460149,0,1
4461204,0,1
4460720,0,1
4461013,0,1
4460832,0,1
4460462,0,1
4459941,0,1
4460538,0,1
4460619,0,1
4460807,0,1
4460831,0,1
4460719,0,1
4460539,0,1
4461011,0,1
4461274,0,1
4461171,0,1
4460140,0,2
4461216,0,1
4461432,0,1
4460338,0,1
4460495,0,1
4460089,0,1
4461010,0,1
4460135,0,1
4460533,0,1
4460544,0,1
4460830,0,1
4461016,0,1
4460555,0,1
4412460,0,3
4416750,0,1
4416302,0,1
4416450,0,1
4416875,0,1
4416864,0,1
4417012,0,1
4416975,0,3
4416819,0,2
4416110,0,3
4416449,0,1
4416738,0,1
4416161,0,1
4416459,0,1
4416854,0,1
4416752,0,1
4416160,0,1
4416876,0,1
4416865,0,1
4416483,0,1
4415728,0,2
4416228,0,1
4416159,0,1
4416072,0,1
4416215,0,2
4416124,0,1
4416515,0,1
4416230,0,1
4416502,0,1
4416108,0,1
4416035,0,1
4416340,0,1
4460540,0,1
4416135,0,1
4415856,0,1
4416755,0,1
4416308,0,1
4416212,0,2
4416378,0,1
4415916,0,1
4416470,0,1
4415786,0,1
4416587,0,1
4461028,0,1
4417007,0,1
4415691,0,1
4416301,0,1
4417018,0,1
4415773,0,1
4461170,0,1
4417006,0,1
4416162,0,1
4415499,0,1
4460552,0,1
4460023,0,1
4460033,0,1
4460804,0,1
4459977,0,1
4460691,0,1
4460541,0,1
4416866,0,1
4417596,0,1
4417582,0,3
4417661,0,1
4416770,0,1
4416877,0,1
4417157,0,1
4417105,0,2
4416882,0,1
4417190,0,1
4416881,0,1
4417520,0,1
4417369,0,1
4417580,0,1
4416769,0,1
4487160,0,1
4417609,0,2
4417353,0,1
4417690,0,2
4417818,0,1
4417023,0,1
4417954,0,1
4417968,0,1
4417736,0,3
4417819,0,1
4417359,0,1
4417117,0,1
4417698,0,1
4417689,0,1
4461183,0,1
4461782,0,1
4460902,0,1
4461772,0,1
4460803,0,1
4460968,0,2
4461763,0,1
4460805,0,2
4461779,0,1
4460794,0,1
4418076,0,1
4418102,0,1
4418283,0,1
4418341,0,1
4418091,0,1
4417969,0,1
4418083,0,1
4489902,0,1
4488887,0,1
4489814,0,1
4453336,0,1
4485710,0,1
4489566,0,1
4461426,0,1
4461808,0,2
4417957,0,1
4417766,0,1
4461830,0,1
4418080,0,1
4417980,0,1
4418581,0,1
4417817,0,1
4418475,0,1
4418340,0,1
4417984,0,1
4418476,0,1
4417835,0,3
4418526,0,1
4461860,0,2
4461551,0,1
4461916,0,1
4461728,0,1
4461302,0,1
4461799,0,1
4461226,0,1
4489241,0,3
4461819,0,1
4461953,0,1
4461774,0,1
4461275,0,1
4461559,0,1
4461494,0,1
4461910,0,1
4489003,0,2
4489703,0,1
4489413,0,1
4489095,0,1
4489342,0,1
4489875,0,1
4489424,0,1
4489252,0,1
4489032,0,1
4461793,0,1
4462104,0,1
4461813,0,1
4461802,0,1
4461495,0,1
4462064,0,1
4462095,0,1
4462248,0,1
4462271,0,1
4418555,0,1
4419684,0,1
4418399,0,1
4418813,0,1
4418774,0,1
4418750,0,1
4419395,0,1
4419669,0,3
4418880,0,1
4419150,0,1
4418293,0,1
4418327,0,3
4419421,0,1
4419192,0,2
4418890,0,1
4418943,0,1
4418983,0,1
4418868,0,1
4419158,0,1
4418866,0,1
4419344,0,1
4418273,0,1
4419281,0,1
4418334,0,2
4419422,0,1
4419289,0,1
4419410,0,1
4418910,0,1
4419427,0,1
4419291,0,1
4418156,0,1
4418889,0,2
4418577,0,1
4419374,0,1
4489571,0,1
4418704,0,1
4418480,0,1
4489610,0,1
4489074,0,1
4488808,0,1
4489542,0,1
4489380,0,1
4504655,0,1
4462547,0,1
4462094,0,1
4462538,0,4
4418876,0,1
4420084,0,1
4419780,0,1
4420120,0,1
4420119,0,2
4461957,0,3
4419779,0,1
4420112,0,1
4419023,0,1
4420016,0,1
4419181,0,1
4419769,0,1
4419811,0,1
4420097,0,3
4419411,0,1
4419404,0,1
4420118,0,1
4419842,0,1
4419126,0,1
4420022,0,1
4420083,0,1
4462105,0,1
4462583,0,1
4462021,0,1
4462135,0,1
4462259,0,1
4462540,0,1
4489908,0,1
4489914,0,1
4420231,0,1
4420301,0,4
4490071,0,1
4420307,0,1
4419796,0,1
4419528,0,2
4419680,0,1
4419607,0,1
4489958,0,1
4489881,0,1
4489463,0,1
4489884,0,3
4490022,0,1
4490050,0,1
4420226,0,1
4420676,0,1
4420219,0,1
4420305,0,1
4420520,0,1
4420340,0,1
4420768,0,1
4420572,0,3
4420040,0,1
4490051,0,1
4489911,0,1
4490126,0,1
4490251,0,1
4490332,0,1
4490224,2,0
4490291,0,1
4420640,0,1
4420639,0,3
4420483,0,1
4420450,0,1
4420848,0,1
4420927,0,1
4420452,0,3
4421034,0,1
4490533,0,2
4490560,0,1
4463479,0,1
4463847,0,1
4462381,0,1
4462794,0,1
4463311,0,1
4462438,0,1
4462470,0,1
4463320,0,1
4462388,0,1
4463492,0,1
4462902,0,1
4463077,0,1
4462939,0,1
4463527,0,1
4462568,0,1
4463312,0,1
4463342,0,1
4462295,0,1
4462903,0,1
4462881,0,1
4462573,0,1
4463305,0,1
4462835,0,1
4462429,0,1
4462481,0,1
4463254,0,1
4462989,0,2
4463051,0,1
4462792,0,2
4463103,0,1
4462919,0,1
4462887,0,1
4463332,0,1
4462797,0,1
4462915,0,1
4462841,0,1
4463102,0,1
4463080,0,1
4462550,0,1
4418090,0,1
4421271,0,1
4421653,0,1
4421385,0,1
4421495,0,1
4462926,0,1
4463552,0,1
4421921,0,1
4421895,0,1
4421695,0,1
4421646,0,1
4421255,0,1
4421671,0,1
4421054,0,4
4421425,0,1
4422048,0,1
4421260,0,1
4422053,0,1
4420763,0,1
4421862,0,1
4421811,0,1
4421042,0,2
4420824,0,1
4420889,0,1
4421004,0,1
4462257,0,1
4421269,0,1
4421581,0,1
4420805,0,1
4422051,0,1
4421019,0,1
4421649,0,1
4420890,0,1
4421697,0,1
4421158,0,1
4421391,0,1
4421521,0,1
4420561,0,1
4420972,0,1
4421262,0,1
4421294,0,4
4421395,0,1
4421799,0,1
4463073,0,1
4463451,0,1
4463475,0,1
4462565,0,1
4462276,0,1
4462279,0,1
4462793,0,1
4463301,0,1
4462698,0,1
4462074,0,1
4463833,0,1
4463310,0,1
4462525,0,1
4463049,0,1
4463096,0,1
4462901,0,1
4462570,0,2
4490451,0,1
4490388,0,1
4421624,0,2
4421797,0,1
4422423,0,1
4421635,0,1
4421750,0,1
4422288,0,1
4421650,0,1
4422116,0,1
4422309,0,1
4422290,0,1
4490508,0,2
4490252,0,1
4490339,0,1
4422127,0,1
4422017,0,1
4422306,0,2
4422153,0,1
4421944,0,1
4422598,0,1
4422606,0,1
4422312,0,2
4422543,0,3
4422154,0,1
4422283,0,1
4422516,0,1
4464098,0,1
4463836,0,1
4463940,0,1
4422934,0,1
4422803,0,2
4422581,0,1
4422842,0,1
4422576,0,1
4422967,0,2
4422879,0,1
4464100,0,1
4463469,0,1
4463382,0,1
4463943,0,1
4463844,0,2
4463160,0,1
4463980,0,2
4490714,0,3
4490696,0,1
4490413,0,2
4490695,0,1
4490587,0,1
4490292,0,1
4422836,0,1
4422639,0,2
4422923,0,1
4422732,0,1
4422724,0,1
4422863,0,1
4422742,0,1
4422582,0,1
4490476,0,1
4490678,0,1
4490845,0,1
4490582,0,1
4463933,0,1
4464328,0,1
4463612,0,1
4464237,0,1
4464326,0,1
4464558,0,1
4463351,0,1
4463477,0,1
4463939,0,1
4463609,0,1
4464359,0,1
4464441,0,1
4463912,0,2
4464525,0,1
4463998,0,1
4463595,0,2
4479875,0,2
4423087,0,1
4423880,0,1
4423628,0,1
4422973,0,1
4423843,0,1
4423832,0,1
4423904,0,2
4423338,0,3
4422795,0,1
4423842,0,1
4423785,0,1
4423239,0,1
4423976,0,1
4423101,0,1
4423642,0,1
4423272,0,1
4423024,0,1
4423203,0,1
4423339,0,1
4423195,0,1
4423220,0,2
4423895,0,1
4423643,0,1
4423335,0,2
4423945,0,1
4422933,0,1
4423404,0,1
4424219,0,1
4423527,0,1
4423893,0,1
4424275,0,1
4424119,0,1
4464595,0,2
4464738,0,1
4464518,0,1
4464149,0,1
4464204,0,1
4464246,0,1
4464396,0,2
4464679,0,1
4464249,0,2
4464635,0,1
4486183,0,1
4424744,0,1
4424752,0,1
4423685,0,1
4424508,0,1
4424431,0,1
4424725,0,1
4424331,0,1
4424536,0,1
4424698,0,1
4423592,0,1
4424047,0,1
4423780,0,1
4424323,0,2
4423849,0,1
4424460,0,1
4424695,0,1
4423935,0,1
4424722,0,1
4424704,0,1
4424504,0,1
4464988,1,0
4464875,0,1
4464562,0,1
4485935,0,1
4425021,0,1
4425028,0,1
4424807,0,1
4424779,0,1
4423784,0,1
4424153,0,2
4424691,0,2
4424751,0,1
4424498,0,1
4425001,1,0
4464566,0,2
4464633,0,1
4464410,0,1
4464624,0,1
4464832,0,1
4491461,0,1
4490523,0,1
4425098,0,1
4424611,0,1
4424572,0,1
4424427,0,1
4424881,0,1
4425089,0,1
4424628,0,1
4424750,0,1
4425094,0,1
4491317,0,1
4490676,0,1
4491013,0,1
4491428,0,1
4491533,0,1
4491135,0,1
4490685,0,1
4491224,0,1
4491333,0,1
4490694,0,1
4490538,0,1
4490537,0,1
4491496,0,1
4491336,0,1
4491534,0,1
4490381,0,1
4424967,0,1
4425161,0,1
4425552,0,1
4425629,0,1
4425630,0,1
4425456,0,1
4425722,0,1
4425540,0,2
4424717,0,1
4425541,0,1
4425533,0,1
4425123,0,1
4425026,0,2
4424899,0,1
4425592,0,1
4425494,0,1
4425025,0,2
4425122,0,2
4425501,0,1
4424891,0,2
4425226,0,1
4425184,0,1
4490952,0,1
4491315,0,1
4491635,0,1
4490514,1,0
4457216,0,1
4485560,0,1
4465723,0,1
4464837,0,1
4465453,0,1
4466009,0,1
4465206,0,1
4465994,0,1
4464756,0,1
4465714,0,1
4465149,0,1
4465719,0,1
4465071,0,1
4465041,0,1
4465672,0,1
4464919,0,1
4465005,0,1
4465163,0,1
4465808,0,2
4465323,0,1
4465462,0,1
4464751,0,1
4465072,0,1
4465575,0,1
4465285,0,1
4465713,0,1
4465586,0,1
4465678,0,1
4465915,0,1
4465676,0,1
4464921,0,1
4465729,0,1
4464629,0,1
4426792,0,1
4425507,0,1
4426383,0,1
4426314,0,1
4426341,0,1
4425293,0,1
4426323,0,3
4425532,0,1
4426183,0,1
4426392,0,1
4426358,0,1
4426719,0,1
4425958,0,1
4425534,0,1
4426239,0,1
4426018,0,1
4425181,0,1
4426011,0,1
4425786,0,1
4426359,0,1
4425577,0,1
4426774,0,1
4426338,0,1
4425369,0,1
4426355,0,1
4425591,0,1
4426826,0,1
4425193,0,1
4426390,0,1
4426225,0,1
4426791,0,1
4426071,0,1
4426312,0,1
4426074,0,1
4425851,0,1
4426622,0,1
4425572,0,1
4464965,0,1
4465001,0,1
4465234,0,2
4486082,0,1
4485829,0,1
4491231,0,1
4426439,0,1
4426838,0,1
4426268,0,1
4426339,0,4
4426803,0,1
4426640,0,1
4426954,0,1
4426907,0,3
4426240,0,1
4426311,0,1
4426833,0,2
4426956,0,1
4426874,0,1
4426985,0,1
4427273,0,1
4426795,0,1
4426953,0,1
4426252,1,0
4426381,0,2
4426414,0,1
4464559,1,0
4465425,0,1
4466162,0,2
4466096,0,1
4465717,0,1
4466160,0,1
4466153,0,1
4466102,0,1
4466098,0,1
4466140,0,1
4466094,0,1
4466183,0,2
4466091,0,1
4465454,0,1
4465824,0,1
4466170,0,1
4423403,0,2
4427278,0,1
4427027,0,1
4426310,0,1
4426896,0,1
4426990,0,1
4427101,0,1
4427607,0,1
4427052,0,2
4427053,0,1
4427519,0,1
4426428,0,1
4491814,0,1
4486281,0,1
4486295,0,1
4485627,0,2
4491788,0,1
4427913,0,2
4466182,0,1
4427055,0,1
4427056,0,1
4427113,0,1
4427276,0,1
4427664,0,1
4427280,0,1
4427059,0,1
4427691,0,1
4427167,0,1
4427648,0,1
4427678,0,2
4466206,0,1
4465797,0,1
4465884,0,1
4466661,0,1
4465914,0,1
4465731,0,1
4466092,0,1
4465877,0,1
4465882,0,1
4466379,0,4
4492040,0,1
4426423,0,1
4427662,0,1
4427596,0,1
4427548,1,0
4427951,0,1
4427603,0,1
4427518,0,1
4427911,0,1
4428206,0,1
4428073,0,1
4428157,0,4
4491866,0,1
4491868,0,1
4491896,0,2
4466205,0,1
4466692,0,1
4492233,0,1
4492079,0,1
4492164,0,1
4485937,0,1
4426772,0,2
4429284,0,1
4428916,0,1
4427680,0,1
4428390,0,1
4428354,0,1
4427997,0,1
4429142,0,1
4428309,0,1
4428917,0,1
4427773,0,1
4428379,0,1
4428306,0,1
4428433,0,1
4428101,0,1
4429016,0,2
4427962,0,1
4427807,0,1
4429233,0,1
4428481,0,1
4429244,0,1
4429018,0,1
4428391,0,1
4428466,0,1
4427879,0,1
4427959,0,2
4428303,0,1
4428182,0,1
4427952,0,3
4428350,0,1
4486195,0,1
4428915,0,1
4429693,0,1
4429528,0,1
4428553,0,1
4429393,0,1
4429355,0,1
4428886,0,1
4429427,0,1
4428935,0,1
4429705,0,1
4429020,0,1
4429220,0,2
4429365,0,1
4429717,0,1
4429782,0,2
4428888,0,1
4429830,0,1
4429922,0,1
4429002,0,1
4429800,0,1
4465991,0,1
4430125,0,1
4429692,0,2
4429603,0,1
4429787,0,5
4430145,0,1
4429950,0,1
4429614,0,1
4430127,0,1
4429720,0,1
4430032,0,1
4429598,0,1
4430139,0,1
4488726,0,1
4428465,1,0
4430301,0,1
4429946,0,1
4429923,0,2
4430437,0,1
4430518,0,1
4430323,0,1
4430491,0,1
4430452,0,1
4430438,0,1
4430517,0,1
4429877,0,1
4430451,0,2
4430540,0,1
4493306,0,1
4468270,0,1
4486212,0,1
4492853,0,1
4468547,0,1
4493574,0,1
4467807,0,1
4430285,0,1
4431061,0,1
4430495,0,1
4431443,0,3
4431323,0,1
4430258,0,1
4431649,0,3
4430845,0,1
4430739,0,1
4431150,0,1
4430740,0,1
4430595,0,1
4431035,0,1
4430833,0,1
4430117,0,1
4430751,0,1
4431539,0,2
4430970,0,1
4431438,0,1
4431657,0,1
4431953,0,1
4431744,0,1
4431778,0,1
4431742,0,1
4431767,0,1
4431866,0,1
4432025,0,1
4431327,0,1
4431733,0,1
4431755,0,1
4431040,0,1
4431586,0,1
4431765,0,1
4431718,0,1
4431741,0,1
4432509,0,1
4431872,0,1
4432248,0,1
4431590,0,1
4431758,0,1
4432116,0,1
4431663,0,1
4432022,0,1
4432243,0,1
4431592,0,1
4432055,0,1
4431817,0,1
4468996,0,1
4432559,0,1
4432056,0,1
4432023,0,1
4432543,0,2
4432839,0,1
4431790,0,1
4432557,0,1
4431952,0,1
4431732,0,1
4432783,0,1
4432853,0,1
4431840,0,1
4485393,0,1
4485596,0,1
4433187,0,1
4432141,0,1
4432875,0,1
4432899,0,1
4432391,0,1
4432925,0,1
4432492,0,1
4433048,0,1
4432619,0,1
4432565,0,1
4432863,0,1
4432587,0,1
4432240,0,2
4432392,0,1
4432895,0,1
4432457,0,1
4432871,0,1
4432862,0,1
4468916,0,1
4494431,0,2
4432584,0,1
4433651,0,1
4433867,0,1
4432700,0,2
4433533,0,1
4433287,0,1
4433205,0,1
4433548,1,0
4432785,0,1
4432675,0,1
4433109,1,0
4433333,0,1
4433532,0,1
4433423,0,1
4433785,0,2
4433738,0,2
4433899,0,1
4433268,0,1
4433742,0,1
4433240,0,1
4433082,0,1
4433353,0,1
4433703,0,2
4433182,0,1
4433659,0,1
4433050,0,1
4433701,0,1
4433706,0,1
4433740,0,1
4433795,0,1
4433752,0,1
4433357,0,2
4495142,0,1
4434143,0,1
4433581,0,1
4434250,0,1
4434348,0,2
4434165,0,1
4434353,0,1
4434105,0,1
4434151,0,1
4433790,0,1
4434097,0,1
4434093,0,1
4434109,0,1
4434247,0,1
4434163,0,1
4434149,0,1
4433787,0,1
4434351,0,1
4433796,0,2
4434108,0,1
4434249,0,3
4433599,0,1
4434154,0,1
4434148,0,1
4434159,0,1
4401891,0,1
4402298,0,1
4402997,0,1
4403225,0,1
4405391,0,1
4405885,0,1
4406133,0,1
4406290,0,1
4406777,0,1
4407322,0,1
4407518,0,1
4407983,0,1
4494591,0,1
4408503,0,1
4408507,0,1
4408544,0,1
4409513,0,1
4410864,0,1
4411220,0,1
4411241,0,1
4411922,0,2
4413084,0,1
4413620,0,1
4414068,0,1
4415026,0,1
4415409,0,1
4415708,0,2
4416158,0,1
4416218,0,1
4416299,0,1
4416764,0,1
4416768,0,1
4416974,0,1
4417356,0,1
4417820,0,1
4417822,0,1
4418078,0,1
4418570,0,2
4420892,0,1
4421006,0,1
4422605,0,1
4422671,0,1
4423022,0,1
4423121,0,1
4423786,0,1
4424091,0,1
4424098,0,1
4424512,0,1
4424829,0,2
4425368,0,1
4429683,0,1
4430133,0,1
4430396,0,1
4434486,0,1
4434453,0,1
4434766,0,1
4433650,0,1
4434153,0,1
4434483,0,1
4434828,0,2
4434401,0,1
4435027,0,1
4434831,0,1
4434613,0,1
4434040,0,1
4470977,0,1
4470975,0,1
4435190,0,7
4434844,0,2
4435196,0,1
4435265,0,2
4435195,0,1
4434885,0,1
4435217,0,1
4434854,0,1
4434818,0,3
4435262,0,1
4434811,0,1
4495358,0,1
4471176,0,1
4471075,0,1
4471175,0,1
4471185,0,1
4435431,0,1
4435040,0,1
4435837,0,1
4435039,0,1
4435061,0,1
4435960,0,1
4435377,0,1
4434893,0,1
4435222,0,1
4434810,0,1
4435860,0,1
4435894,0,1
4435042,0,1
4470961,0,1
4471357,0,1
4470927,0,1
4435846,0,1
4435856,0,1
4435859,0,1
4436368,0,1
4436381,0,1
4435604,0,1
4436103,0,3
4436261,0,1
4435842,0,1
4435588,0,2
4435606,0,1
4435507,0,1
4436094,0,1
4436063,0,2
4436054,0,1
4436391,0,1
4436384,0,1
4471668,0,1
4471354,0,1
4471197,0,1
4471345,0,1
4436400,0,1
4435840,0,3
4435974,0,5
4435753,0,1
4435899,0,1
4436690,0,1
4436068,0,1
4436634,0,1
4471367,0,1
4471815,0,1
4436901,0,1
4471517,0,1
4436408,0,1
4436805,0,1
4435862,0,1
4436902,0,1
4436814,0,1
4436767,0,1
4436716,0,1
4436356,0,1
4436691,0,1
4436822,0,1
4436487,0,1
4436817,0,1
4436710,0,1
4436401,0,1
4436899,0,2
4471267,0,1
4471725,0,1
4471452,0,1
4471726,0,1
4471777,0,1
4471634,0,2
4471744,0,1
4437333,0,1
4436696,0,1
4436728,0,1
4436493,0,1
4437061,0,1
4437312,0,2
4436591,0,1
4436982,0,2
4436544,0,1
4437174,0,3
4436451,0,1
4436465,0,1
4437228,0,1
4472116,0,1
4437339,0,1
4437815,0,2
4437137,0,1
4437472,0,1
4436981,0,1
4437555,0,2
4437559,0,1
4437818,0,2
4437902,0,1
4437062,0,2
4437060,0,1
4437853,0,1
4437166,0,1
4437330,0,1
4437745,0,1
4437903,0,1
4437364,0,1
4437479,0,1
4437242,0,1
4437805,0,1
4437007,0,1
4437332,0,1
4437795,0,2
4436859,0,1
4437792,0,1
4472581,0,1
4472608,0,1
4472232,0,1
4471832,0,2
4472117,0,1
4471934,0,1
4472535,0,1
4472089,0,1
4472254,0,1
4472008,0,1
4472784,0,1
4472152,0,1
4472251,0,1
4472444,0,1
4471600,0,1
4472265,0,1
4472612,0,1
4472435,0,1
4471520,0,1
4472583,0,1
4438357,0,1
4438550,0,1
4438333,0,1
4437617,0,1
4437915,0,1
4438253,0,1
4438554,0,1
4437749,0,1
4437837,0,1
4438519,0,1
4438556,0,1
4437762,0,2
4437811,0,1
4438480,0,1
4437917,0,1
4438340,0,1
4472714,0,1
4472261,0,1
4471835,0,1
4472520,0,1
4472519,0,2
4471638,0,1
4472531,0,1
4472273,0,1
4472388,0,1
4472256,0,1
4471599,0,1
4472383,0,2
4472264,0,1
4471363,0,1
4472115,0,1
4472015,0,1
4471765,0,1
4437844,0,1
4437972,0,2
4438782,0,1
4438513,0,1
4438950,0,1
4438959,0,1
4438778,0,1
4438124,0,1
4438731,0,1
4438441,0,4
4438952,0,1
4438753,0,1
4438605,0,1
4437909,0,3
4438209,0,1
4438557,0,1
4438806,0,1
4438947,0,1
4438948,0,1
4438710,0,1
4472578,0,1
4472253,0,1
4471548,0,1
4472272,0,1
4472096,0,1
4472543,0,1
4438682,0,1
4438631,0,1
4438489,0,1
4439024,0,1
4438608,0,1
4438538,0,1
4439107,0,1
4439021,0,1
4439119,0,1
4438607,0,1
4487159,0,1
4472365,0,1
4472607,0,1
4472942,0,1
4472991,0,1
4472542,0,1
4473001,0,1
4472726,0,1
4473093,0,1
4473035,0,2
4472267,0,1
4439429,0,2
4438687,0,2
4438898,0,1
4439437,0,1
4439471,0,1
4439469,0,1
4439347,0,2
4438749,0,1
4438846,0,2
4439543,0,1
4439150,0,1
4439581,0,1
4438903,0,2
4439287,0,1
4439431,0,1
4473163,0,2
4472611,0,1
4472279,0,1
4472585,0,3
4473494,0,1
4473017,0,2
4473292,0,1
4472605,0,1
4473313,0,1
4472536,0,1
4473523,0,1
4472958,0,2
4472922,0,1
4472553,0,1
4473021,0,1
4472968,0,1
4472445,0,1
4440479,0,2
4440033,0,1
4439741,0,1
4439602,0,1
4439677,0,1
4439323,0,1
4439688,0,3
4439832,0,1
4440107,0,1
4440128,0,2
4440037,0,1
4439312,0,1
4439480,0,1
4439849,0,1
4440045,0,1
4439313,0,1
4439291,0,1
4439304,0,1
4439739,0,1
4439309,0,2
4439644,0,1
4439366,0,1
4439924,0,1
4473493,0,1
4472715,0,1
4472928,0,2
4440816,0,2
4440537,0,1
4439921,1,0
4440358,0,1
4440722,0,2
4440558,0,1
4440596,0,2
4440829,0,1
4440478,0,3
4440457,0,1
4440807,0,1
4440026,0,1
4440589,0,1
4440167,0,1
4440853,0,1
4440584,0,1
4439865,0,1
4473692,0,1
4473048,0,1
4473253,0,1
4473851,0,1
4473759,0,1
4473329,0,1
4473754,0,1
4473910,0,1
4473751,0,1
4473722,0,1
4473510,0,1
4473101,0,1
4473911,0,1
4441206,0,1
4440207,0,1
4441069,0,3
4440052,0,1
4441074,0,1
4440928,0,1
4440487,0,1
4440556,0,1
4440400,0,1
4440940,0,1
4473918,0,2
4486224,0,1
4496296,0,1
4460465,0,1
4461812,0,1
4464849,0,1
4464939,0,1
4465006,0,1
4465335,0,1
4466261,0,1
4466289,0,1
4466308,0,1
4466315,0,1
4466331,0,1
4466332,0,1
4466339,0,1
4440736,0,3
4441414,0,1
4441335,0,1
4441041,0,3
4441063,0,1
4440634,0,1
4440730,0,1
4441332,0,1
4441362,0,1
4440774,0,1
4441421,0,1
4466350,0,1
4466432,0,1
4466465,0,1
4466517,0,1
4466521,0,1
4466516,0,1
4466636,0,1
4466639,0,1
4466658,0,1
4466681,0,1
4441298,0,1
4441730,0,1
4441239,0,1
4440939,0,1
4441207,0,1
4441334,0,1
4441224,0,1
4441104,0,1
4441312,0,1
4441134,0,3
4441538,0,1
4441574,0,1
4441304,0,1
4441557,0,1
4466721,0,1
4466744,0,1
4466747,0,1
4466759,0,1
4466762,0,1
4466837,0,2
4466858,0,1
4466914,0,1
4466964,0,1
4466980,0,1
4467042,0,1
4467106,0,1
4497018,0,1
4467275,0,3
4467431,0,1
4467432,0,1
4467510,0,1
4497368,0,1
4443150,0,1
4441516,0,1
4442008,0,1
4442796,0,1
4442385,0,1
4442430,0,1
4441984,0,1
4442011,0,1
4442182,0,1
4441541,0,1
4442527,0,1
4441511,0,1
4442374,0,1
4441860,0,1
4442234,0,1
4443021,0,3
4442240,0,1
4441565,0,1
4441476,0,1
4442528,0,1
4442198,0,1
4442547,0,1
4442825,0,3
4442225,0,1
4442812,0,2
4441672,0,1
4441639,0,1
4441987,0,1
4442135,0,3
4441762,0,1
4442497,0,1
4441386,0,1
4442930,0,2
4442824,0,1
4442836,0,1
4443029,0,1
4442524,0,1
4442837,0,1
4442188,0,1
4441638,0,1
4441683,0,2
4441567,0,1
4442200,0,1
4442679,0,1
4442232,0,1
4441978,0,1
4442505,0,1
4441514,0,1
4443578,0,2
4442623,0,1
4442869,0,1
4443060,0,1
4442854,0,1
4443067,0,1
4442655,0,2
4443705,0,1
4443154,0,1
4443614,0,1
4443114,0,1
4443056,0,1
4443279,0,2
4443162,0,1
4442964,0,1
4468820,0,1
4444155,0,1
4443610,0,1
4443577,0,1
4444154,0,2
4443459,0,1
4443273,0,1
4443616,0,1
4443596,0,1
4443698,0,1
4443916,0,1
4443776,0,1
4443156,0,1
4469130,0,1
4469328,0,1
4444179,0,1
4444323,0,1
4443882,0,1
4444711,0,1
4445150,0,1
4445034,0,1
4444566,0,1
4444495,0,1
4444317,0,1
4443848,0,1
4444467,0,1
4443875,0,1
4444912,0,1
4443985,0,1
4444191,0,1
4444277,0,1
4445115,0,1
4444245,0,1
4444159,0,1
4443894,0,1
4444676,0,2
4443671,0,1
4444150,0,2
4444647,0,1
4444192,0,1
4444985,0,1
4444493,0,1
4443851,0,1
4443981,0,1
4444156,0,1
4444244,0,4
4444909,0,1
4444292,0,1
4444166,0,1
4444803,0,1
4444196,0,1
4470091,0,1
4470092,0,1
4444980,0,1
4444772,0,1
4444645,0,1
4444679,0,1
4445183,0,1
4444956,0,1
4445495,0,1
4486067,0,1
4445632,0,1
4445660,0,1
4445280,0,1
4445612,0,1
4445589,0,1
4445515,0,1
4470784,0,1
4470888,0,1
4485916,0,1
4445663,0,1
4445598,0,1
4445985,0,1
4445635,0,1
4445571,0,1
4445965,0,4
4445912,0,1
4445969,0,1
4445591,0,1
4445661,0,1
4445896,0,1
4469863,0,1
4469068,0,2
4469013,0,1
4468732,0,1
4469867,0,1
4410387,1,0
4446298,0,1
4468051,0,1
4469640,0,1
4446165,0,1
4445906,0,1
4446008,0,1
4446230,0,1
4446378,0,1
4446355,0,3
4445668,0,1
4446028,0,1
4445573,0,1
4446229,0,3
4445824,0,1
4446318,0,1
4446369,0,1
4445818,0,1
4446383,0,2
4446254,0,1
4446267,0,1
4446011,0,1
4445978,0,1
4446294,0,1
4445785,0,1
4467441,0,1
4470447,0,1
4473964,0,1
4470511,0,1
4467480,0,1
4469192,0,1
4466767,0,1
4469637,0,1
4467373,0,4
4467108,0,1
4466466,0,1
4470701,0,2
4469074,0,1
4470237,0,1
4470525,0,1
4468230,0,1
4470346,0,1
4474158,0,1
4467937,0,1
4467673,0,1
4470302,0,1
4468294,0,1
4467037,0,1
4468063,0,1
4469326,0,1
4470324,0,2
4469612,0,1
4466874,0,1
4474157,0,1
4470200,0,1
4470817,0,1
4469129,0,1
4467611,0,1
4446925,0,1
4446503,0,1
4447011,0,1
4446561,0,2
4446785,0,1
4446332,0,1
4447076,0,3
4446570,0,1
4446325,0,1
4446218,0,1
4446161,0,2
4447373,0,1
4446923,0,1
4446697,0,1
4446702,0,1
4446965,0,1
4445988,0,2
4446324,0,2
4446524,0,1
4446319,0,1
4446566,0,1
4446576,0,1
4446747,0,1
4446507,0,1
4446918,0,1
4446300,0,1
4446432,0,3
4446916,0,1
4446312,0,1
4446562,0,1
4447161,0,1
4446444,0,1
4446648,0,1
4446304,0,1
4446990,0,1
4469330,0,1
4470545,0,2
4467738,0,1
4469608,0,1
4467685,0,2
4467791,0,1
4474139,0,2
4470578,0,1
4469544,0,1
4470461,0,1
4470615,0,1
4470855,0,1
4467806,0,1
4468514,0,1
4466933,0,1
4469202,0,1
4470881,0,1
4469154,0,1
4469929,0,1
4440560,0,1
4469070,0,1
4447124,0,1
4447434,0,1
4447557,0,1
4446748,0,1
4447694,0,1
4447476,0,1
4447555,0,1
4447464,0,1
4447122,0,1
4446976,0,1
4447470,0,1
4447477,0,1
4447458,0,1
4447495,0,1
4447532,0,1
4447527,0,1
4447469,0,1
4447433,0,1
4447497,0,1
4468575,0,1
4467347,0,1
4469187,0,1
4468870,0,1
4474137,0,1
4470182,0,1
4473497,0,4
4468455,0,1
4467946,0,1
4467783,0,1
4470691,0,1
4468444,0,1
4473963,0,1
4470204,0,1
4444798,1,3
4470425,0,1
4448087,0,1
4447511,0,1
4447710,0,1
4447387,0,1
4447092,0,2
4447708,0,1
4447467,0,1
4447389,0,1
4469295,0,1
4469041,0,1
4469146,0,1
4470231,0,1
4470823,0,1
4468245,0,1
4470812,0,1
4473528,0,1
4470440,0,1
4469062,0,1
4470533,0,1
4457425,0,2
4467140,0,1
4470702,0,1
4468281,0,1
4448442,0,1
4448440,0,2
4447837,0,1
4448118,0,1
4448116,0,2
4448136,0,1
4447646,0,1
4447849,0,1
4447734,0,1
4447748,0,1
4448212,0,1
4447528,0,1
4448017,0,1
4447742,0,1
4447691,0,1
4448229,0,1
4448119,0,1
4469015,0,1
4468725,0,1
4466785,0,1
4470154,0,1
4470336,0,2
4468313,0,2
4469545,0,3
4474156,0,1
4469646,0,3
4473826,0,1
4470815,0,1
4469371,0,2
4448596,0,1
4448285,0,1
4448643,0,1
4448105,0,2
4447738,0,3
4448070,0,1
4448686,0,1
4448265,0,1
4447830,0,4
4448127,0,1
4448640,0,1
4447754,0,1
4448114,0,1
4468291,0,2
4467634,0,1
4468841,0,1
4466976,0,1
4469108,0,1
4468308,0,1
4470119,0,1
4464557,0,1
4468428,0,1
4468064,0,1
4469723,0,1
4468574,0,1
4470235,0,1
4469118,0,1
4470853,0,1
4468804,0,1
4470175,0,3
4470203,0,1
4474071,0,1
4467285,0,1
4470803,0,1
4473530,0,1
4467000,0,1
4466857,0,1
4469390,0,1
4469550,0,1
4467072,0,1
4470608,0,1
4467322,0,1
4469345,0,2
4468885,0,1
4469020,0,1
4469610,0,1
4468246,0,1
4470828,0,1
4473997,0,1
4473856,0,1
4469164,0,1
4470652,0,1
4468582,0,1
4467609,0,1
4468501,0,2
4466963,0,3
4467358,0,1
4468147,0,1
4449164,0,1
4449489,0,1
4449382,0,1
4448766,0,2
4449029,0,1
4448533,0,1
4448803,0,1
4449166,0,1
4448594,0,1
4448563,0,1
4449381,0,1
4449018,0,1
4447572,0,3
4449025,0,1
4449224,0,1
4449659,0,1
4448963,0,2
4448496,0,1
4449033,0,1
4448869,0,1
4448334,0,2
4448307,0,1
4448808,0,1
4448261,0,1
4448930,0,1
4449394,0,1
4449089,0,1
4448247,0,1
4448934,0,2
4448408,0,1
4448531,0,1
4448805,0,1
4448809,0,2
4449493,0,1
4449003,0,1
4448740,0,1
4448635,0,1
4468310,0,1
4470824,0,4
4470689,0,1
4470782,0,2
4468578,0,1
4467198,0,1
4468825,0,1
4470365,0,3
4470132,0,1
4470814,0,1
4467612,0,1
4467338,0,1
4469384,0,1
4467009,0,1
4469697,0,1
4467115,0,1
4469117,0,1
4448491,0,3
4469880,0,1
4449538,0,1
4449956,0,1
4449540,0,1
4449384,0,1
4448969,0,1
4449030,0,1
4449948,0,1
4449949,0,1
4449958,0,2
4470833,0,1
4470819,0,1
4467556,0,1
4473806,0,1
4467616,0,1
4469040,0,1
4486105,0,1
4449176,0,5
4449580,0,1
4449667,0,1
4449246,0,2
4449562,0,1
4449697,0,1
4449236,0,1
4449783,0,2
4450447,0,2
4450433,0,1
4450598,0,1
4450353,0,1
4450096,0,1
4449828,0,1
4449985,0,1
4450453,0,1
4450351,0,2
4450828,0,1
4450271,0,1
4450921,0,3
4450280,0,1
4450244,0,2
4450726,0,1
4450196,0,1
4450227,0,1
4450923,0,1
4450727,0,1
4450296,0,3
4450025,0,1
4450302,0,1
4449995,0,1
4450315,0,1
4450744,0,1
4450298,0,1
4450746,0,1
4450732,0,3
4474420,0,1
4473614,0,2
4474690,0,2
4474779,0,1
4467247,0,1
4474472,0,1
4474147,0,1
4474327,0,2
4473765,0,1
4474638,0,1
4474778,0,1
4474146,0,1
4474500,0,1
4474796,0,1
4475078,0,2
4474640,0,1
4474356,0,1
4473913,0,2
4474557,0,1
4475082,0,1
4475124,0,1
4474464,0,1
4474022,0,1
4474686,0,2
4474365,0,1
4474703,0,1
4474016,0,1
4474286,0,1
4473904,0,1
4474407,0,1
4474566,0,1
4474269,0,1
4475125,0,1
4450987,0,1
4451681,0,1
4450974,0,1
4451614,0,1
4451561,0,2
4451051,0,1
4474213,0,1
4450968,0,1
4451204,0,1
4451010,0,1
4450802,0,1
4474780,0,1
4451059,0,1
4451620,0,1
4450909,0,1
4450760,0,1
4451129,0,1
4450973,0,1
4450730,0,1
4451133,0,1
4450385,0,1
4451621,0,1
4450922,0,1
4450830,0,1
4450607,0,1
4450822,0,1
4451119,0,1
4450972,0,1
4451548,0,1
4450436,0,1
4451206,0,1
4451127,0,1
4451624,0,2
4451266,0,1
4450742,0,1
4451547,0,1
4450599,0,1
4474300,0,1
4474164,0,1
4474321,0,1
4474165,0,1
4473560,0,1
4474688,0,1
4473906,0,1
4474052,0,1
4474234,0,1
4473828,0,1
4474396,0,1
4486085,0,1
4474704,0,2
4451600,0,1
4452045,0,1
4451347,0,1
4452046,0,1
4451946,0,1
4452237,0,1
4451800,0,1
4451622,0,1
4452255,0,1
4451871,0,1
4451982,0,1
4451604,0,3
4452179,0,1
4452102,0,2
4451617,0,1
4451670,0,1
4486199,0,1
4475346,0,1
4474671,0,1
4475258,0,1
4474568,0,1
4475218,0,1
4452635,0,1
4474588,0,1
4452405,0,1
4452331,0,1
4452316,0,1
4451770,0,1
4451489,0,1
4451816,0,2
4451885,0,1
4451511,0,1
4452505,0,1
4451762,0,1
4451623,0,1
4452169,0,1
4474648,0,1
4475152,0,1
4474647,0,1
4475348,0,1
4475355,0,1
4475482,0,3
4474583,0,1
4452944,0,1
4452235,0,2
4452115,0,1
4452202,0,1
4452402,0,1
4452643,0,1
4452660,0,1
4452816,0,2
4452741,0,5
4452683,0,1
4452219,0,1
4452740,0,1
4452667,0,1
4452246,0,1
4452685,0,1
4475259,0,3
4474753,0,1
4475800,0,1
4475853,0,1
4475826,0,1
4475733,0,1
4475086,0,1
4453118,0,1
4453056,0,1
4453069,0,1
4453148,0,1
4453156,0,3
4453064,0,1
4453108,0,1
4453117,0,3
4453149,0,1
4452716,0,1
4453230,0,1
4452515,0,1
4452564,0,1
4453067,0,1
4452706,0,1
4452828,0,2
4452719,0,1
4453158,0,1
4453114,0,1
4452983,0,1
4475055,0,2
4475654,0,1
4474938,0,2
4475590,0,1
4475019,0,1
4475534,0,1
4475473,0,1
4486076,0,1
4450360,0,6
4476179,0,1
4468944,0,1
4475904,0,1
4476133,0,1
4475194,0,1
4475954,0,1
4475872,0,1
4475268,0,1
4475381,0,2
4475447,0,1
4475911,0,2
4475588,0,1
4475935,0,1
4476127,0,3
4475538,0,1
4475221,0,1
4475351,0,2
4453681,0,1
4453385,0,1
4453105,0,1
4453353,0,1
4453798,0,1
4453334,0,1
4453205,0,1
4453752,0,1
4453534,0,1
4452695,0,1
4453592,0,1
4453539,0,1
4453093,0,1
4453905,0,1
4453358,0,1
4453193,0,1
4452963,0,1
4454175,0,1
4453552,0,1
4453080,0,1
4453743,0,1
4452751,0,1
4453327,0,1
4453081,0,1
4453386,0,1
4453016,0,1
4453779,0,1
4453435,0,1
4452954,0,1
4453808,0,1
4454266,0,1
4454240,0,1
4454388,0,2
4453751,0,1
4454003,0,1
4453754,0,1
4454187,0,1
4454305,0,1
4453602,0,1
4454262,0,1
4454241,0,1
4453683,0,1
4453747,0,1
4454010,0,1
4454263,0,1
4475969,0,1
4476371,0,1
4475891,0,1
4475546,0,1
4475791,0,1
4476270,0,1
4475847,0,1
4476266,0,1
4454191,0,3
4453790,0,1
4454793,0,1
4454558,0,1
4476269,0,1
4454548,0,1
4454228,0,2
4453806,0,1
4454820,0,1
4454264,0,2
4454807,0,1
4454190,0,1
4454159,0,1
4475789,0,2
4453116,0,1
4454993,0,1
4454818,0,4
4454994,0,1
4454458,0,1
4454903,0,1
4454908,0,1
4454708,0,1
4454468,0,1
4454926,0,1
4454896,0,4
4448651,1,0
4455327,0,1
4454634,0,1
4454971,0,2
4455389,0,1
4454840,0,2
4454902,0,1
4454690,0,1
4454873,0,1
4455391,0,1
4456439,0,1
4455162,0,1
4456024,0,1
4455892,0,1
4455033,0,1
4455977,0,1
4455339,0,1
4455650,0,1
4456133,0,1
4456064,0,1
4455933,0,1
4455301,0,1
4455853,0,1
4456055,0,1
4456356,0,1
4456106,0,1
4456032,0,2
4455625,0,1
4455893,0,2
4456148,0,1
4455335,0,2
4455272,0,1
4455067,0,2
4455193,0,1
4455671,0,1
4456030,0,1
4456343,0,1
4455160,0,1
4455535,0,1
4456171,0,1
4456007,0,1
4455481,0,1
4456072,0,2
4455683,0,1
4455896,0,1
4456146,0,1
4455621,0,1
4456066,0,1
4455604,0,1
4455195,0,2
4455002,0,1
4455978,0,1
4456132,0,2
4456425,0,2
4456137,0,2
4456165,0,1
4455580,0,1
4455356,0,1
4455664,0,1
4456145,0,1
4455585,0,1
4455914,0,1
4455981,0,1
4455891,0,1
4476890,0,1
4476356,0,1
4476372,0,1
4476743,0,1
4477469,0,1
4476572,0,1
4476455,0,1
4476786,0,1
4476352,0,1
4476085,0,2
4477051,0,1
4476522,0,1
4476640,0,1
4476517,0,1
4476707,0,1
4477024,0,1
4476511,0,1
4476299,0,1
4476825,0,1
4476435,0,1
4476600,1,0
4476757,0,1
4476558,0,1
4477095,0,1
4475869,0,1
4476523,0,2
4476555,0,1
4477088,0,1
4476765,0,1
4476826,0,1
4477041,0,1
4476614,0,2
4476055,0,1
4477184,0,1
4475992,0,1
4476443,0,3
4475931,0,1
4476297,0,1
4476583,0,1
4476508,0,1
4477797,0,1
4477783,0,1
4477022,0,1
4477074,0,2
4477612,0,1
4476824,0,2
4477082,0,1
4477499,0,1
4477566,0,1
4477549,0,1
4477807,0,1
4477413,0,1
4477814,0,2
4477615,0,1
4477784,0,1
4478142,0,1
4477823,0,3
4477690,0,1
4477775,0,1
4477822,0,1
4477544,0,1
4477361,0,1
4477798,0,1
4477963,0,3
4477183,0,1
4477070,0,1
4477259,0,1
4478120,0,1
4477696,0,1
4477571,0,1
4478018,0,1
4475276,0,1
4477771,0,1
4477949,0,1
4477786,0,1
4477596,0,1
4478480,0,1
4477791,0,1
4478341,0,1
4478061,0,3
4478295,0,1
4477631,0,1
4477835,0,1
4478267,0,2
4477836,0,1
4478298,0,1
4477792,0,1
4477707,0,1
4478263,0,2
4477983,0,1
4478271,0,1
4477870,0,1
4478293,0,1
4478147,0,1
4478645,0,1
4478206,0,2
4478579,0,1
4478023,0,1
4478597,0,1
4478392,0,1
4478443,0,1
4478909,0,1
4478755,0,1
4479034,0,1
4479330,0,1
4479624,0,1
4479445,0,1
4478250,0,1
4478296,0,1
4478807,0,1
4478640,0,1
4478470,0,1
4479693,0,1
4479459,0,1
4478893,0,1
4479441,0,1
4479623,0,1
4478936,0,1
4478958,0,1
4478913,0,1
4479119,0,1
4479296,0,1
4479585,0,1
4478999,0,1
4479226,0,2
4478551,0,1
4479352,0,1
4479824,0,2
4478952,0,1
4479622,0,1
4479006,0,1
4478991,0,1
4479181,0,1
4479453,0,2
4478549,0,1
4478185,0,1
4479469,0,1
4479447,0,1
4478794,0,1
4479182,0,1
4478955,0,2
4479592,0,1
4479446,0,4
4479708,0,1
4480104,0,2
4479593,0,2
4479970,0,1
4479455,0,2
4479523,0,2
4480102,0,1
4479886,0,1
4479460,0,1
4479299,0,1
4486302,0,3
4480106,0,2
4479633,0,1
4480421,0,1
4480186,0,3
4480208,0,1
4479408,0,1
4480109,0,1
4486711,0,1
4486402,0,1
4480282,0,1
4480265,0,1
4479923,0,1
4480555,0,1
4479876,0,1
4479971,0,1
4480685,0,1
4480117,0,1
4480427,0,1
4480844,0,1
4480917,0,1
4480845,0,1
4479444,0,2
4481044,0,1
4480699,0,1
4481314,0,1
4481592,0,2
4481256,0,1
4480520,0,1
4480995,0,1
4481303,0,1
4481430,0,1
4481059,0,1
4481431,0,1
4481103,0,2
4481380,0,1
4481444,0,1
4480794,0,2
4480901,0,2
4481383,0,1
4481425,0,1
4481434,0,1
4481054,0,1
4481056,0,1
4481585,0,1
4481244,0,1
4481587,0,1
4480853,0,3
4481010,0,1
4481377,0,1
4481047,0,1
4481369,0,1
4480973,0,1
4481387,0,2
4481048,0,2
4481428,0,1
4481238,0,1
4482175,0,2
4482198,0,1
4481396,0,1
4482171,0,1
4481566,0,1
4481955,0,1
4481970,0,1
4481560,0,1
4481773,0,1
4481974,0,1
4481996,0,1
4481385,0,1
4481232,0,1
4481960,0,1
4487211,1,0
4482530,0,1
4486196,0,1
4486226,0,2
4486588,0,1
4481780,0,1
4481553,0,1
4482220,0,1
4481650,0,1
4482221,0,2
4482401,0,1
4481683,0,1
4481648,0,1
4481640,0,1
4481461,0,1
4482304,0,1
4486628,0,1
4482055,0,1
4482172,0,1
4482652,0,1
4482637,0,1
4482790,0,2
4482767,0,1
4481957,0,1
4482510,0,1
4482155,0,1
4481954,0,1
4482752,0,1
4482195,0,1
4482154,0,1
4482621,0,1
4482199,0,1
4482316,0,1
4482333,0,2
4485956,0,1
4482470,0,1
4482557,0,1
4482574,0,1
4483056,0,1
4482539,0,1
4480344,0,1
4482606,0,1
4482533,0,2
4482264,0,1
4482173,0,1
4482502,0,1
4482738,0,2
4482496,0,1
4482473,0,1
4482861,0,1
4486650,0,2
4483278,0,3
4486060,0,1
4482750,0,1
4482630,0,1
4482836,0,1
4483007,0,1
4482715,0,1
4482619,0,1
4483043,0,2
4483182,0,1
4483153,0,1
4482852,0,1
4483040,0,2
4482742,0,1
4482617,0,1
4486673,0,2
4483902,0,1
4483509,0,1
4483852,0,1
4483345,0,1
4483581,0,2
4483688,0,1
4483929,0,1
4483526,0,1
4483944,0,1
4483540,0,1
4483433,0,1
4483777,0,1
4483834,0,1
4483936,0,1
4483532,0,1
4484114,0,2
4484191,0,1
4483905,0,1
4483992,0,1
4484164,0,1
4483328,0,1
4483941,0,1
4483641,0,1
4483513,0,1
4483522,0,1
4483933,0,1
4483535,0,1
4486623,0,1
4483895,0,2
4483913,0,1
4484317,0,1
4484334,0,1
4483549,0,2
4483531,0,1
4484333,0,1
4486710,0,1
4484134,0,1
4484332,0,1
4484779,0,2
4484381,0,1
4484179,0,1
4484020,0,2
4484064,0,1
4484578,0,1
4483999,0,1
4484010,0,1
4484144,0,1
4484862,0,1
4484637,0,1
4485141,0,1
4485096,0,1
4484542,0,1
4485021,0,1
4485005,0,2
4484565,0,1
4484570,0,1
4484352,0,1
4484832,0,2
4484522,0,1
4484804,0,1
4485023,0,1
4484469,0,1
4484827,0,2
4484523,0,1
4484337,0,1
4484916,0,1
4484490,0,1
4485973,0,1
4486756,0,1
4484802,0,1
4485806,0,1
4485607,0,1
4485757,0,1
4485512,0,1
4484885,0,1
4485590,0,1
4485626,0,1
4484872,0,1
4484803,0,1
4485569,0,1
4485267,0,1
4485175,0,1
4485715,0,1
4484855,0,1
4485620,0,1
4485747,0,1
4484944,0,2
4484919,0,1
4484636,0,1
4485801,0,1
4486904,0,1
4486584,0,1
4486591,0,1
4487157,0,1
4486599,0,1
4486955,0,1
4486901,0,1
4486760,0,1
4486620,0,2
4486520,0,1
4486946,0,2
4506701,0,1
4531480,0,1
4531481,0,1
4399859,0,1
4394394,0,1
4389773,0,1
4391271,0,1
4398494,0,1
4404333,0,2
4398217,0,2
4394114,0,2
4395313,0,1
4406098,0,1
4404677,0,1
4391641,0,1
4392582,0,1
4400770,0,1
4398037,0,1
4406760,0,1
4394627,0,1
4398965,0,2
4395395,0,1
4402595,0,1
4395952,0,1
4405412,0,1
4393618,0,1
4395220,0,3
4394739,0,1
4395879,0,1
4394163,0,1
4403081,0,1
4396342,0,1
4404072,0,1
4404480,0,3
4404918,0,3
4403164,0,1
4406075,0,1
4392609,0,1
4401088,0,1
4395698,0,1
4395749,0,1
4398576,0,2
4393447,0,1
4403605,0,1
4395610,0,1
4401766,0,1
4406394,0,1
4393899,0,1
4398019,0,1
4394997,0,1
4399176,0,1
4394676,0,1
4393387,0,1
4394626,0,2
4405660,0,1
4404109,0,1
4394610,0,1
4402559,0,1
4401238,0,1
4396309,0,1
4399843,0,1
4402597,0,2
4394514,0,1
4402436,0,1
4398389,0,1
4403235,0,1
4403956,0,2
4404829,0,1
4399405,0,1
4397676,0,1
4396741,0,1
4399116,0,1
4390969,0,2
4391322,0,1
4403263,0,1
4404825,0,1
4392013,0,1
4400736,0,1
4391602,0,1
4403190,0,1
4393142,0,1
4406231,0,1
4399296,0,1
4391037,0,1
4394825,0,1
4407263,0,1
4402262,0,1
4393630,0,1
4405330,0,1
4397922,0,1
4393610,0,1
4401353,0,1
4397874,0,1
4397949,0,1
4405883,0,2
4407020,0,1
4393748,0,1
4398402,0,1
4401621,0,1
4406491,0,1
4397243,0,1
4405103,0,1
4398803,0,1
4404638,0,1
4403237,0,1
4400741,0,2
4402211,0,1
4394395,0,1
4398244,0,1
4406786,0,1
4394602,0,3
4393671,0,1
4393485,0,1
4394819,0,1
4391219,0,1
4399395,0,1
4397234,0,3
4399014,0,1
4402386,0,1
4395002,0,1
4398230,0,1
4397674,0,1
4401340,0,1
4394578,0,1
4406123,0,1
4404767,0,1
4395289,0,1
4399797,0,3
4393243,0,1
4406149,0,2
4391993,0,1
4403009,0,1
4394805,0,1
4406049,0,1
4406789,0,1
4391601,0,1
4392694,0,1
4393888,0,1
4405184,0,1
4403542,0,1
4406246,0,1
4396399,0,1
4402203,0,1
4399012,0,1
4398218,0,1
4402808,0,1
4394932,0,1
4403790,0,1
4391169,0,1
4405878,0,1
4400809,0,1
4398234,0,1
4399645,0,1
4399277,0,2
4402880,0,1
4402007,0,1
4394658,0,1
4398697,0,1
4394046,0,1
4402022,0,1
4399694,0,1
4401611,0,2
4400812,0,2
4404847,0,3
4394392,0,1
4403214,0,1
4393235,0,1
4406499,0,2
4391113,0,1
4396944,0,1
4397818,0,1
4394741,0,1
4395267,0,1
4394200,0,1
4401212,0,1
4393480,0,5
4400403,0,1
4396615,1,0
4406490,0,2
4396157,0,2
4406512,0,1
4395196,0,1
4391528,0,2
4401714,0,4
4396864,0,1
4399582,0,1
4395102,0,1
4400099,0,1
4400189,0,3
4406073,0,1
4396367,0,1
4394877,0,1
4393028,0,1
4397195,0,2
4406268,0,1
4396943,0,1
4390849,0,1
4399145,0,1
4395535,0,1
4401956,0,1
4398716,0,1
4403925,0,3
4397722,0,1
4401090,0,1
4406909,0,1
4400723,0,1
4391027,0,1
4404932,0,1
4400196,0,1
4400471,0,1
4392078,0,1
4395540,0,1
4404232,0,1
4405838,0,1
4399742,0,1
4406108,0,1
4400026,0,1
4395940,0,1
4403705,0,1
4398165,0,2
4404187,0,2
4400806,0,1
4397685,0,1
4398246,0,2
4394448,0,2
4396146,0,1
4399292,0,1
4404186,0,2
4392795,0,1
4405292,0,1
4395361,0,1
4392758,0,2
4405873,0,2
4392765,0,1
4401092,0,1
4406337,0,1
4401444,0,1
4394460,0,1
4393813,0,1
4403185,0,1
4401237,0,1
4394201,0,1
4406178,0,1
4406361,0,1
4396251,0,1
4407236,0,2
4401706,0,1
4402552,0,1
4399682,0,1
4404592,0,1
4403001,0,1
4395293,0,1
4392006,0,1
4390716,0,2
4402264,0,1
4396478,0,8
4407047,0,1
4395951,0,1
4406893,0,1
4403335,0,3
4398753,0,1
4405506,0,1
4392756,0,3
4397499,0,1
4396015,0,1
4390578,0,1
4406606,0,1
4393252,0,1
4391366,0,1
4402602,0,1
4392816,0,1
4403707,0,1
4407262,0,1
4396742,0,1
4406936,0,1
4406539,0,1
4399714,0,1
4395086,0,1
4406785,0,1
4393902,0,1
4397406,0,1
4405818,0,1
4407018,0,1
4391014,0,1
4400025,0,1
4405002,0,1
4395195,0,2
4402987,0,1
4395763,0,1
4402952,0,1
4404650,0,2
4391412,0,1
4405781,0,4
4404927,0,1
4406146,0,1
4404735,0,1
4397382,0,1
4405934,0,1
4394461,0,1
4397151,0,1
4402294,0,1
4406782,0,1
4402973,0,1
4390586,0,1
4401696,0,1
4393615,0,1
4403458,0,1
4399267,0,1
4398659,0,1
4398196,0,1
4402740,0,1
4397146,0,1
4392736,0,1
4393203,0,1
4393413,0,1
4403749,0,1
4407095,0,1
4402969,0,1
4400488,0,4
4402421,0,1
4403460,0,1
4399179,0,1
4399106,0,1
4396920,0,1
4392625,0,1
4395943,0,1
4401762,0,1
4406495,0,1
4395269,0,1
4398962,0,1
4391806,0,2
4392521,0,1
4399105,0,1
4400796,0,1
4393006,0,2
4403035,0,1
4393251,0,2
4404621,0,1
4396408,0,1
4395409,0,1
4394507,0,1
4400489,0,1
4397260,0,1
4404934,0,2
4401608,0,4
4394950,0,1
4403003,0,1
4398741,0,1
4400801,0,1
4392693,0,1
4397404,0,1
4396505,0,1
4392988,0,1
4398963,0,1
4403533,0,4
4406597,0,1
4395288,0,1
4401609,0,1
4393005,0,1
4394096,0,1
4397846,0,1
4396340,0,1
4398749,0,1
4403551,0,1
4400794,0,1
4403907,0,1
4391417,0,1
4399798,0,1
4395150,0,1
4400379,0,2
4404979,0,3
4401746,0,1
4396405,0,1
4400470,0,1
4404908,0,1
4399865,0,1
4397936,0,1
4404373,0,1
4394111,0,1
4394197,0,1
4405844,0,1
4405469,0,1
4402307,0,2
4406248,0,1
4404670,0,1
4406551,0,1
4404645,0,1
4403606,0,1
4397401,0,1
4392001,0,2
4405845,0,6
4403252,0,2
4397153,0,2
4399387,0,1
4406183,0,2
4398596,0,1
4404588,0,1
4400718,0,1
4400768,0,1
4393752,0,1
4401365,0,1
4395608,0,4
4402223,0,1
4391297,0,2
4396343,0,1
4399855,0,1
4392435,0,1
4393038,0,1
4394835,0,1
4399001,0,1
4395766,0,1
4395192,0,1
4394655,0,2
4405090,0,1
4400779,0,2
4405884,0,1
4393629,0,1
4404712,0,2
4399692,0,1
4403217,0,1
4398978,0,2
4406809,0,1
4392210,0,2
4396731,0,1
4405572,0,1
4402261,0,1
4392481,0,1
4400411,0,2
4399868,0,1
4404575,0,2
4393816,0,1
4393893,0,1
4397494,0,1
4399962,0,1
4394710,0,1
4396098,0,1
4401965,0,1
4396300,0,1
4392680,0,1
4397482,0,1
4391368,0,1
4396412,0,3
4405211,0,1
4397313,0,1
4393244,0,1
4405840,0,1
4392695,0,1
4401102,0,1
4400722,0,1
4403151,0,1
4400313,0,1
4392912,0,1
4396334,0,2
4399621,0,1
4394867,0,1
4402960,0,1
4405012,0,1
4402365,0,1
4402297,0,1
4392505,0,1
4400777,0,1
4407336,0,1
4406880,0,1
4406525,0,1
4382207,0,1
4385659,0,2
4387858,0,1
4389701,0,1
4386017,0,1
4385808,0,1
4384555,0,1
4382106,0,1
4385066,0,1
4389463,0,1
4385039,0,1
4381374,0,1
4389771,0,1
4382676,0,1
4405599,0,1
4383242,0,1
4386600,0,1
4388043,0,1
4392986,0,1
4381709,0,1
4388684,0,1
4397187,0,1
4382872,0,1
4388137,0,1
4387332,0,1
4380810,0,2
4390927,0,1
4385787,0,1
4389618,0,1
4389560,0,1
4384032,0,1
4386404,0,1
4385267,0,1
4383851,0,1
4388018,0,1
4386798,0,1
4384753,0,1
4388656,0,1
4393026,0,1
4383589,0,1
4393241,0,1
4386498,0,1
4386408,0,1
4384713,0,1
4390302,0,1
4389661,1,0
4390006,0,1
4383529,0,1
4381107,0,1
4397941,0,1
4384995,0,1
4384258,0,1
4389769,0,1
4391172,0,1
4383378,0,1
4384682,0,1
4382683,0,1
4389767,0,1
4387730,0,1
4385251,0,1
4384666,0,1
4386493,0,2
4390806,0,1
4384448,0,1
4383313,0,1
4381297,0,1
4386701,0,1
4389449,0,1
4393037,0,1
4391003,0,1
4386568,0,1
4386355,0,1
4383243,0,1
4383558,0,2
4390279,0,2
4387165,0,1
4381411,0,1
4387945,0,2
4381542,0,1
4384744,0,4
4383232,0,1
4382832,0,1
4382169,0,1
4390707,0,1
4386496,0,1
4387084,0,1
4381196,0,1
4385965,0,2
4386087,0,1
4386397,0,1
4381313,0,1
4382806,0,2
4385868,0,1
4392326,0,1
4389714,0,1
4389444,0,1
4383665,0,1
4384823,0,1
4382764,0,2
4389359,0,1
4384742,0,1
4389899,0,1
4388375,0,1
4385522,0,1
4388457,0,1
4390400,0,1
4384917,0,1
4390284,0,1
4385490,0,1
4384924,0,1
4386775,0,2
4383578,0,1
4386601,0,1
4384853,0,1
4385367,0,1
4385435,0,1
4385257,0,1
4389788,0,1
4388275,0,1
4387940,0,1
4383666,0,1
4390010,0,1
4387451,0,1
4383136,0,1
4389375,0,2
4382741,0,1
4384680,0,1
4388356,0,2
4386863,0,1
4385407,0,1
4390168,0,1
4390172,0,1
4383746,0,1
4389770,0,1
4383671,0,1
4385604,0,1
4381747,0,1
4386157,0,1
4382851,0,1
4386341,0,1
4391173,0,1
4385570,0,1
4385077,0,1
4390198,0,1
4388414,0,1
4390318,0,1
4387935,0,1
4384054,0,1
4389985,0,1
4383123,0,3
4387129,0,1
4386697,0,1
4382327,0,1
4384050,0,1
4386516,0,1
4389147,0,3
4388773,0,1
4383310,0,1
4384425,0,1
4383214,0,1
4383283,0,1
4383854,0,1
4387102,0,1
4381629,0,2
4386334,0,1
4382518,0,1
4383443,0,1
4387144,0,1
4382963,0,1
4385354,0,1
4388469,0,1
4388017,0,1
4383046,0,1
4384419,0,1
4385115,0,1
4381292,0,1
4390709,0,1
4386523,0,2
4383568,0,1
4387402,0,1
4387714,1,0
4381369,0,2
4387626,0,1
4388640,0,1
4385034,0,1
4392584,0,1
4385020,0,1
4387136,0,1
4387947,0,1
4389887,0,1
4385270,0,1
4385603,0,1
4387047,0,1
4382213,0,1
4383623,0,2
4386513,0,1
4391869,0,1
4386525,0,1
4385569,0,1
4390303,0,1
4385087,0,1
4381222,0,1
4382273,0,1
4384562,0,3
4390458,0,1
4387283,0,1
4386511,0,1
4386099,0,1
4381111,0,3
4383970,0,1
4381841,0,1
4388649,0,1
4387531,0,1
4384029,0,1
4381296,0,1
4384672,0,2
4384006,0,2
4381493,0,1
4392583,0,1
4380738,0,2
4389676,0,1
4385330,0,4
4384747,0,2
4389621,0,1
4385954,0,1
4381203,0,1
4388267,0,1
4391810,0,1
4389535,0,1
4601229,0,4
4493104,1,0
4485426,0,1
